transid,item
536365,WHITE HANGING HEART T-LIGHT HOLDER
536365,WHITE METAL LANTERN
536365,CREAM CUPID HEARTS COAT HANGER
536365,KNITTED UNION FLAG HOT WATER BOTTLE
536365,RED WOOLLY HOTTIE WHITE HEART.
536365,SET 7 BABUSHKA NESTING BOXES
536365,GLASS STAR FROSTED T-LIGHT HOLDER
536366,HAND WARMER UNION JACK
536366,HAND WARMER RED POLKA DOT
536367,ASSORTED COLOUR BIRD ORNAMENT
536367,POPPY'S PLAYHOUSE BEDROOM 
536367,POPPY'S PLAYHOUSE KITCHEN
536367,FELTCRAFT PRINCESS CHARLOTTE DOLL
536367,IVORY KNITTED MUG COSY 
536367,BOX OF 6 ASSORTED COLOUR TEASPOONS
536367,BOX OF VINTAGE JIGSAW BLOCKS 
536367,BOX OF VINTAGE ALPHABET BLOCKS
536367,HOME BUILDING BLOCK WORD
536367,LOVE BUILDING BLOCK WORD
536367,RECIPE BOX WITH METAL HEART
536367,DOORMAT NEW ENGLAND
536368,JAM MAKING SET WITH JARS
536368,RED COAT RACK PARIS FASHION
536368,YELLOW COAT RACK PARIS FASHION
536368,BLUE COAT RACK PARIS FASHION
536369,BATH BUILDING BLOCK WORD
536370,ALARM CLOCK BAKELIKE PINK
536370,ALARM CLOCK BAKELIKE RED 
536370,ALARM CLOCK BAKELIKE GREEN
536370,PANDA AND BUNNIES STICKER SHEET
536370,STARS GIFT TAPE 
536370,INFLATABLE POLITICAL GLOBE 
536370,VINTAGE HEADS AND TAILS CARD GAME 
536370,SET/2 RED RETROSPOT TEA TOWELS 
536370,ROUND SNACK BOXES SET OF4 WOODLAND 
536370,SPACEBOY LUNCH BOX 
536370,LUNCH BOX I LOVE LONDON
536370,CIRCUS PARADE LUNCH BOX 
536370,CHARLOTTE BAG DOLLY GIRL DESIGN
536370,RED TOADSTOOL LED NIGHT LIGHT
536370, SET 2 TEA TOWELS I LOVE LONDON 
536370,VINTAGE SEASIDE JIGSAW PUZZLES
536370,MINI JIGSAW CIRCUS PARADE 
536370,MINI JIGSAW SPACEBOY
536370,MINI PAINT SET VINTAGE 
536370,POSTAGE
536371,PAPER CHAIN KIT 50'S CHRISTMAS 
536372,HAND WARMER RED POLKA DOT
536372,HAND WARMER UNION JACK
536373,WHITE HANGING HEART T-LIGHT HOLDER
536373,WHITE METAL LANTERN
536373,CREAM CUPID HEARTS COAT HANGER
536373,EDWARDIAN PARASOL RED
536373,RETRO COFFEE MUGS ASSORTED
536373,SAVE THE PLANET MUG
536373,VINTAGE BILLBOARD DRINK ME MUG
536373,VINTAGE BILLBOARD LOVE/HATE MUG
536373,WOOD 2 DRAWER CABINET WHITE FINISH
536373,WOOD S/3 CABINET ANT WHITE FINISH
536373,WOODEN PICTURE FRAME WHITE FINISH
536373,WOODEN FRAME ANTIQUE WHITE 
536373,KNITTED UNION FLAG HOT WATER BOTTLE
536373,RED WOOLLY HOTTIE WHITE HEART.
536373,SET 7 BABUSHKA NESTING BOXES
536373,GLASS STAR FROSTED T-LIGHT HOLDER
536374,VICTORIAN SEWING BOX LARGE
536375,WHITE HANGING HEART T-LIGHT HOLDER
536375,WHITE METAL LANTERN
536375,CREAM CUPID HEARTS COAT HANGER
536375,EDWARDIAN PARASOL RED
536375,RETRO COFFEE MUGS ASSORTED
536375,SAVE THE PLANET MUG
536375,VINTAGE BILLBOARD DRINK ME MUG
536375,VINTAGE BILLBOARD LOVE/HATE MUG
536375,WOOD 2 DRAWER CABINET WHITE FINISH
536375,WOOD S/3 CABINET ANT WHITE FINISH
536375,WOODEN PICTURE FRAME WHITE FINISH
536375,WOODEN FRAME ANTIQUE WHITE 
536375,KNITTED UNION FLAG HOT WATER BOTTLE
536375,RED WOOLLY HOTTIE WHITE HEART.
536375,SET 7 BABUSHKA NESTING BOXES
536375,GLASS STAR FROSTED T-LIGHT HOLDER
536376,HOT WATER BOTTLE TEA AND SYMPATHY
536376,RED HANGING HEART T-LIGHT HOLDER
536377,HAND WARMER RED POLKA DOT
536377,HAND WARMER UNION JACK
536378,JUMBO BAG PINK POLKADOT
536378,JUMBO  BAG BAROQUE BLACK WHITE
536378,JUMBO BAG CHARLIE AND LOLA TOYS
536378,STRAWBERRY CHARLOTTE BAG
536378,RED 3 PIECE RETROSPOT CUTLERY SET
536378,BLUE 3 PIECE POLKADOT CUTLERY SET
536378,SET/6 RED SPOTTY PAPER PLATES
536378,LUNCH BAG RED RETROSPOT
536378,STRAWBERRY LUNCH BOX WITH CUTLERY
536378,LUNCH BOX WITH CUTLERY RETROSPOT 
536378,PACK OF 72 RETROSPOT CAKE CASES
536378,PACK OF 60 DINOSAUR CAKE CASES
536378,PACK OF 60 PINK PAISLEY CAKE CASES
536378,60 TEATIME FAIRY CAKE CASES
536378,TOMATO CHARLIE+LOLA COASTER SET
536378,CHARLIE & LOLA WASTEPAPER BIN FLORA
536378,RED CHARLIE+LOLA PERSONAL DOORSIGN
536378,JUMBO STORAGE BAG SUKI
536378,JUMBO BAG PINK VINTAGE PAISLEY
536380,JAM MAKING SET PRINTED
536381,RETROSPOT TEA SET CERAMIC 11 PC 
536381,GIRLY PINK TOOL SET
536381,JUMBO SHOPPER VINTAGE RED PAISLEY
536381,"AIRLINE LOUNGE,METAL SIGN"
536381,WHITE SPOT RED CERAMIC DRAWER KNOB
536381,RED DRAWER KNOB ACRYLIC EDWARDIAN
536381,CLEAR DRAWER KNOB ACRYLIC EDWARDIAN
536381,PHOTO CLIP LINE
536381,FELT EGG COSY CHICKEN
536381,PIGGY BANK RETROSPOT 
536381,SKULL SHOULDER BAG
536381,YOU'RE CONFUSING ME METAL SIGN 
536381,COOK WITH WINE METAL SIGN 
536381,GIN + TONIC DIET METAL SIGN
536381,YELLOW BREAKFAST CUP AND SAUCER
536381,PINK BREAKFAST CUP AND SAUCER 
536381,PAPER CHAIN KIT 50'S CHRISTMAS 
536381,PAPER CHAIN KIT RETROSPOT
536381,SMALL HEART FLOWERS HOOK 
536381,PHOTO CLIP LINE
536381,TEA TIME DES TEA COSY
536381,FELT EGG COSY WHITE RABBIT 
536381,ZINC WILLIE WINKIE  CANDLE STICK
536381,CERAMIC CHERRY CAKE MONEY BANK
536381,RETROSPOT LARGE MILK JUG
536381,SET OF 6 FUNKY BEAKERS
536381,EDWARDIAN PARASOL BLACK
536381,EDWARDIAN PARASOL NATURAL
536381,CERAMIC STRAWBERRY CAKE MONEY BANK
536381,BLUE OWL SOFT TOY
536381,BALLOON ART MAKE YOUR OWN FLOWERS
536381,RED TOADSTOOL LED NIGHT LIGHT
536381,GLASS CLOCHE SMALL
536381,GUMBALL MONOCHROME COAT RACK
536381,DOORMAT FANCY FONT HOME SWEET HOME
536382,INFLATABLE POLITICAL GLOBE 
536382,VINTAGE SNAKES & LADDERS
536382,CHOCOLATE CALCULATOR
536382,JUMBO SHOPPER VINTAGE RED PAISLEY
536382,RECYCLING BAG RETROSPOT 
536382,TOY TIDY PINK POLKADOT
536382,ANTIQUE GLASS DRESSING TABLE POT
536382,ALARM CLOCK BAKELIKE GREEN
536382,IVORY GIANT GARDEN THERMOMETER
536382,3 TIER CAKE TIN GREEN AND CREAM
536382,3 TIER CAKE TIN RED AND CREAM
536382,SET 3 WICKER OVAL BASKETS W LIDS
536384,WOOD BLACK BOARD ANT WHITE FINISH
536384,COLOUR GLASS T-LIGHT HOLDER HANGING
536384,HANGING METAL HEART LANTERN
536384,HANGING MEDINA LANTERN SMALL
536384,NATURAL SLATE HEART CHALKBOARD 
536384,HEART OF WICKER SMALL
536384,HEART OF WICKER LARGE
536384,WHITE LOVEBIRD LANTERN
536384,CLASSIC METAL BIRDCAGE PLANT HOLDER
536384,CREAM HEART CARD HOLDER
536384,ENAMEL FLOWER JUG CREAM
536384,ENAMEL FIRE BUCKET CREAM
536384,ENAMEL BREAD BIN CREAM
536385,SET 3 WICKER OVAL BASKETS W LIDS
536385,JAM MAKING SET PRINTED
536385,JAM MAKING SET WITH JARS
536385,JUMBO BAG DOLLY GIRL DESIGN
536385,TRADITIONAL CHRISTMAS RIBBONS
536385,ORGANISER WOOD ANTIQUE WHITE 
536385,LUNCH BAG DOLLY GIRL DESIGN
536386,WHITE WIRE EGG HOLDER
536386,JUMBO  BAG BAROQUE BLACK WHITE
536386,JUMBO BAG RED RETROSPOT
536387,CHILLI LIGHTS
536387,LIGHT GARLAND BUTTERFILES PINK
536387,WOODEN OWLS LIGHT GARLAND 
536387,FAIRY TALE COTTAGE NIGHTLIGHT
536387,RED TOADSTOOL LED NIGHT LIGHT
536388,HOME BUILDING BLOCK WORD
536388,LOVE BUILDING BLOCK WORD
536388,DOORMAT FANCY FONT HOME SWEET HOME
536388,HOME SMALL WOOD LETTERS
536388,GINGHAM HEART  DOORSTOP RED
536388,FIVE HEART HANGING DECORATION
536388,HANGING METAL HEART LANTERN
536388,ASSORTED BOTTLE TOP  MAGNETS 
536388,FRIDGE MAGNETS US DINER ASSORTED
536388,HOMEMADE JAM SCENTED CANDLES
536388,FRIDGE MAGNETS LES ENFANTS ASSORTED
536388,ROSE CARAVAN DOORSTOP
536388,HEART OF WICKER SMALL
536388,5 HOOK HANGER MAGIC TOADSTOOL
536389,CHRISTMAS LIGHTS 10 REINDEER
536389,VINTAGE UNION JACK CUSHION COVER
536389,VINTAGE HEADS AND TAILS CARD GAME 
536389,SET OF 3 COLOURED  FLYING DUCKS
536389,SET OF 3 GOLD FLYING DUCKS
536389,RED RETROSPOT UMBRELLA
536389,BLACK/BLUE POLKADOT UMBRELLA
536389,RED DINER WALL CLOCK
536389,ALARM CLOCK BAKELIKE GREEN
536389,ALARM CLOCK BAKELIKE RED 
536389,BLUE DINER WALL CLOCK
536389,IVORY DINER WALL CLOCK
536389,LARGE HEART MEASURING SPOONS
536389,SMALL HEART MEASURING SPOONS
536390,CHRISTMAS LIGHTS 10 REINDEER
536390,JAM MAKING SET WITH JARS
536390,JAM MAKING SET PRINTED
536390,JAM JAR WITH PINK LID
536390,JAM JAR WITH GREEN LID
536390,ROSE COTTAGE KEEPSAKE BOX 
536390,HANGING HEART ZINC T-LIGHT HOLDER
536390,PAPER CHAIN KIT VINTAGE CHRISTMAS
536390,DISCO BALL CHRISTMAS DECORATION
536390,WHITE HANGING HEART T-LIGHT HOLDER
536390,SMALL POPCORN HOLDER
536390,LARGE POPCORN HOLDER 
536390,RETROSPOT LARGE MILK JUG
536390,SET/20 RED RETROSPOT PAPER NAPKINS 
536390,SET/6 RED SPOTTY PAPER PLATES
536390,SET/6 RED SPOTTY PAPER CUPS
536390,POLKADOT RAIN HAT 
536390,DELUXE SEWING KIT 
536390,RETROSPOT HEART HOT WATER BOTTLE
536390,KNITTED UNION FLAG HOT WATER BOTTLE
536390,ENGLISH ROSE HOT WATER BOTTLE
536390,PHOTO CUBE
536390,HOMEMADE JAM SCENTED CANDLES
536390,JUMBO BAG RED RETROSPOT
536392,3 STRIPEY MICE FELTCRAFT
536392,SET OF 6 SOLDIER SKITTLES
536392,TRADITIONAL WOODEN SKIPPING ROPE
536392,WOODEN BOX OF DOMINOES
536392,RUSTIC  SEVENTEEN DRAWER SIDEBOARD
536392,PARTY CONES CARNIVAL ASSORTED
536392,PARTY CONES CANDY ASSORTED
536392,PICNIC BASKET WICKER SMALL
536392,ASSORTED COLOUR BIRD ORNAMENT
536392,STAR DECORATION PAINTED ZINC 
536393,RETROSPOT LAMP
536394,"FANCY FONT BIRTHDAY CARD, "
536394,HAND WARMER UNION JACK
536394,HAND WARMER SCOTTY DOG DESIGN
536394,HAND WARMER OWL DESIGN
536394,HAND WARMER RED RETROSPOT
536394,RETROSPOT HEART HOT WATER BOTTLE
536394,DOG BOWL CHASING BALL DESIGN
536394,CLOTHES PEGS RETROSPOT PACK 24 
536394,HAND OVER THE CHOCOLATE   SIGN 
536394,WHITE HANGING HEART T-LIGHT HOLDER
536394,TRAVEL SEWING KIT
536395,BLACK HEART CARD HOLDER
536395,ASSORTED COLOUR BIRD ORNAMENT
536395,PACK OF 60 PINK PAISLEY CAKE CASES
536395,60 TEATIME FAIRY CAKE CASES
536395,PACK OF 72 RETROSPOT CAKE CASES
536395,CHICK GREY HOT WATER BOTTLE
536395,SMALL GLASS HEART TRINKET POT
536395,ALARM CLOCK BAKELIKE IVORY
536395,ALARM CLOCK BAKELIKE RED 
536395,ALARM CLOCK BAKELIKE ORANGE
536395,ALARM CLOCK BAKELIKE GREEN
536395,HOT WATER BOTTLE TEA AND SYMPATHY
536395,HAND WARMER BIRD DESIGN
536395,HAND WARMER SCOTTY DOG DESIGN
536396,WHITE HANGING HEART T-LIGHT HOLDER
536396,WHITE METAL LANTERN
536396,CREAM CUPID HEARTS COAT HANGER
536396,EDWARDIAN PARASOL BLACK
536396,EDWARDIAN PARASOL RED
536396,RETRO COFFEE MUGS ASSORTED
536396,SAVE THE PLANET MUG
536396,VINTAGE BILLBOARD DRINK ME MUG
536396,VINTAGE BILLBOARD LOVE/HATE MUG
536396,WOOD 2 DRAWER CABINET WHITE FINISH
536396,WOOD S/3 CABINET ANT WHITE FINISH
536396,WOODEN PICTURE FRAME WHITE FINISH
536396,WOODEN FRAME ANTIQUE WHITE 
536396,KNITTED UNION FLAG HOT WATER BOTTLE
536396,RED WOOLLY HOTTIE WHITE HEART.
536396,SET 7 BABUSHKA NESTING BOXES
536396,IVORY EMBROIDERED QUILT 
536396,GLASS STAR FROSTED T-LIGHT HOLDER
536397,SET OF 3 BLACK FLYING DUCKS
536397,SET OF 3 COLOURED  FLYING DUCKS
536398,PACK OF 12 RED RETROSPOT TISSUES 
536398,RED RETROSPOT MUG
536398,BABUSHKA LIGHTS STRING OF 10
536398,PIGGY BANK RETROSPOT 
536398,SET 7 BABUSHKA NESTING BOXES
536398,DOORMAT FAIRY CAKE
536398,HAND WARMER RED RETROSPOT
536398,HAND WARMER SCOTTY DOG DESIGN
536398,HAND WARMER OWL DESIGN
536398,STRAWBERRY CERAMIC TRINKET BOX
536398,PINK DOUGHNUT TRINKET POT 
536398,SILK PURSE BABUSHKA PINK
536398,HOT WATER BOTTLE TEA AND SYMPATHY
536398,HOT WATER BOTTLE I AM SO POORLY
536398,CHOCOLATE HOT WATER BOTTLE
536398,WHITE SKULL HOT WATER BOTTLE 
536398,SCOTTIE DOG HOT WATER BOTTLE
536399,HAND WARMER RED POLKA DOT
536399,HAND WARMER UNION JACK
536400,HOMEMADE JAM SCENTED CANDLES
536401,BIRD HOUSE HOT WATER BOTTLE
536401,BOUDOIR SQUARE TISSUE BOX
536401,SKULLS SQUARE TISSUE BOX
536401,PHOTO FRAME CORNICE
536401,SILK PURSE BABUSHKA RED
536401,PICTURE DOMINOES
536401,S/6 SEW ON CROCHET FLOWERS
536401,SCANDINAVIAN REDS RIBBONS
536401,BALLOONS  WRITING SET 
536401,JAM MAKING SET PRINTED
536401,LAVENDER INCENSE IN TIN
536401,TV DINNER TRAY VINTAGE PAISLEY
536401,SET OF 4 ENGLISH ROSE PLACEMATS
536401,SET OF 4 ENGLISH ROSE COASTERS
536401,TRIPLE PHOTO FRAME CORNICE 
536401,FAMILY PHOTO FRAME CORNICE
536401,MIRRORED DISCO BALL 
536401,DISCO BALL ROTATOR BATTERY OPERATED
536401,SILVER LOOKING MIRROR
536401,LADIES & GENTLEMEN METAL SIGN
536401,METAL SIGN HER DINNER IS SERVED 
536401,YOU'RE CONFUSING ME METAL SIGN 
536401,DOORMAT TOPIARY
536401,BATHROOM METAL SIGN
536401,KITCHEN METAL SIGN
536401,TOILET METAL SIGN
536401,METAL SIGN TAKE IT OR LEAVE IT 
536401,I'M ON HOLIDAY METAL SIGN
536401,GROW YOUR OWN BASIL IN ENAMEL MUG
536401,SET/10 PINK POLKADOT PARTY CANDLES
536401,SET 20 NAPKINS FAIRY CAKES DESIGN 
536401,60 TEATIME FAIRY CAKE CASES
536401,SET OF 6 T-LIGHTS SNOWMEN
536401,SET OF 6 T-LIGHTS SANTA
536401,SET OF 9 HEART SHAPED BALLOONS
536401,SANDWICH BATH SPONGE
536401,APPLE BATH SPONGE
536401,STRAWBERRY BATH SPONGE 
536401,BLACK PIRATE TREASURE CHEST
536401,STAR PORTABLE TABLE LIGHT 
536401,SNOWFLAKE PORTABLE TABLE LIGHT 
536401,PINK OVAL JEWELLED MIRROR
536401,RETROSPOT CIGAR BOX MATCHES 
536401,COSY HOUR GIANT TUBE MATCHES
536401,JAZZ HEARTS PURSE NOTEBOOK
536401,LUNCH BAG DOLLY GIRL DESIGN
536401,WHITE HANGING HEART T-LIGHT HOLDER
536401,CANDLEHOLDER PINK HANGING HEART
536401,WOOD 2 DRAWER CABINET WHITE FINISH
536401,ASSORTED COLOUR MINI CASES
536401,LUNCH BAG RED RETROSPOT
536401,LUNCH BAG SPACEBOY DESIGN 
536401,LUNCH BAG WOODLAND
536401,LUNCH BAG PINK POLKADOT
536401,GUMBALL COAT RACK
536401,BLUE NEW BAROQUE CANDLESTICK CANDLE
536401,PINK NEW BAROQUECANDLESTICK CANDLE
536401,FAIRY CAKE FLANNEL ASSORTED COLOUR
536401,BREAD BIN DINER STYLE PINK
536401,JUMBO BAG CHARLIE AND LOLA TOYS
536401,TEA TIME TABLE CLOTH
536401,ENGLISH ROSE HOT WATER BOTTLE
536401,ENAMEL FIRE BUCKET CREAM
536401,PICNIC BASKET WICKER SMALL
536402,PAPER CHAIN KIT 50'S CHRISTMAS 
536402,PAPER CHAIN KIT VINTAGE CHRISTMAS
536402,HOT WATER BOTTLE BABUSHKA 
536403,HAND WARMER BIRD DESIGN
536403,POSTAGE
536404,HEART IVORY TRELLIS SMALL
536404,CLEAR DRAWER KNOB ACRYLIC EDWARDIAN
536404,PINK DRAWER KNOB ACRYLIC EDWARDIAN
536404,GREEN DRAWER KNOB ACRYLIC EDWARDIAN
536404,BLUE DRAWER KNOB ACRYLIC EDWARDIAN
536404,HEART OF WICKER SMALL
536404,SMALL POPCORN HOLDER
536404,SET 6 FOOTBALL CELEBRATION CANDLES
536404,SET OF 6 GIRLS CELEBRATION CANDLES
536404,ROMANTIC PINKS RIBBONS 
536404,BRIGHT BLUES RIBBONS 
536404,SCANDINAVIAN REDS RIBBONS
536404,CHOCOLATE BOX RIBBONS 
536404,PARTY INVITES FOOTBALL
536404,PARTY INVITES JAZZ HEARTS
536404,PARTY INVITES SPACEMAN
536404,SET OF 3 BUTTERFLY COOKIE CUTTERS
536404,SET OF 3 HEART COOKIE CUTTERS
536404,3 PIECE SPACEBOY COOKIE CUTTER SET
536404,PACK OF 72 SKULL CAKE CASES
536404,PACK OF 60 SPACEBOY CAKE CASES
536404,PACK OF 72 RETROSPOT CAKE CASES
536404,72 SWEETHEART FAIRY CAKE CASES
536404,PACK OF 60 DINOSAUR CAKE CASES
536404,LUNCH BAG SUKI  DESIGN 
536404,LUNCH BAG CARS BLUE
536404,LUNCH BAG  BLACK SKULL.
536404,HEART IVORY TRELLIS LARGE
536405,SET/5 RED RETROSPOT LID GLASS BOWLS
536406,WHITE HANGING HEART T-LIGHT HOLDER
536406,WHITE METAL LANTERN
536406,CREAM CUPID HEARTS COAT HANGER
536406,EDWARDIAN PARASOL RED
536406,RETRO COFFEE MUGS ASSORTED
536406,SAVE THE PLANET MUG
536406,VINTAGE BILLBOARD DRINK ME MUG
536406,VINTAGE BILLBOARD LOVE/HATE MUG
536406,WOOD 2 DRAWER CABINET WHITE FINISH
536406,WOOD S/3 CABINET ANT WHITE FINISH
536406,WOODEN PICTURE FRAME WHITE FINISH
536406,WOODEN FRAME ANTIQUE WHITE 
536406,KNITTED UNION FLAG HOT WATER BOTTLE
536406,RED WOOLLY HOTTIE WHITE HEART.
536406,SET 7 BABUSHKA NESTING BOXES
536406,IVORY EMBROIDERED QUILT 
536406,GLASS STAR FROSTED T-LIGHT HOLDER
536407,HAND WARMER RED POLKA DOT
536407,HAND WARMER UNION JACK
536408,MAGIC DRAWING SLATE DINOSAUR
536408,MAGIC DRAWING SLATE BAKE A CAKE 
536408,12 PENCILS TALL TUBE SKULLS
536408,CHOCOLATE CALCULATOR
536408,RED  HARMONICA IN BOX 
536408,BLUE HARMONICA IN BOX 
536408,SKULLS  WATER TRANSFER TATTOOS 
536408,PACK 3 BOXES BIRD PANNETONE 
536408,HOT WATER BOTTLE TEA AND SYMPATHY
536408,RED WOOLLY HOTTIE WHITE HEART.
536408,WHITE SKULL HOT WATER BOTTLE 
536408,3 PIECE SPACEBOY COOKIE CUTTER SET
536408,SET OF 20 KIDS COOKIE CUTTERS
536408,10 COLOUR SPACEBOY PEN
536408,VICTORIAN GLASS HANGING T-LIGHT
536408,SINGLE HEART ZINC T-LIGHT HOLDER
536408,RED HANGING HEART T-LIGHT HOLDER
536408,HANGING METAL STAR LANTERN
536408,SILVER HANGING T-LIGHT HOLDER
536408,DOORMAT RED RETROSPOT
536408,DOORMAT HEARTS
536408,NATURAL SLATE RECTANGLE CHALKBOARD
536408,LOVEBIRD HANGING DECORATION WHITE 
536408,ASSORTED COLOUR BIRD ORNAMENT
536408,HOME BUILDING BLOCK WORD
536408,LOVE BUILDING BLOCK WORD
536408,PHOTO FRAME CORNICE
536408,PENS ASSORTED FUNNY FACE
536408,CARD CIRCUS PARADE
536408,WRAP COWBOYS  
536408,AIRLINE BAG VINTAGE TOKYO 78
536408,RED RETROSPOT UMBRELLA
536408,BLACK/BLUE POLKADOT UMBRELLA
536408,RED 3 PIECE RETROSPOT CUTLERY SET
536408,PACK OF 72 RETROSPOT CAKE CASES
536408,SET OF 72 RETROSPOT PAPER  DOILIES
536408,BLUE COAT RACK PARIS FASHION
536408,PLASTERS IN TIN SKULLS
536408,SLEEPING CAT ERASERS
536408,CARD BIRTHDAY COWBOY
536408,PACK 3 BOXES CHRISTMAS PANNETONE
536408,ROTATING SILVER ANGELS T-LIGHT HLDR
536408,COSY HOUR GIANT TUBE MATCHES
536408,RIBBON REEL MAKING SNOWMEN 
536408,MINI PAINT SET VINTAGE 
536408,4 TRADITIONAL SPINNING TOPS
536408,SET OF 6 SOLDIER SKITTLES
536408,BAG 500g SWIRLY MARBLES
536409,5 STRAND GLASS NECKLACE CRYSTAL
536409,WHITE SKULL HOT WATER BOTTLE 
536409,SCOTTIE DOG HOT WATER BOTTLE
536409,SQUARECUSHION COVER PINK UNION FLAG
536409,SPACEBOY CHILDRENS EGG CUP
536409,CHILDREN'S SPACEBOY MUG
536409,HAND WARMER SCOTTY DOG DESIGN
536409,FELTCRAFT CUSHION OWL
536409,BLACK CANDELABRA T-LIGHT HOLDER
536409,TOY TIDY DOLLY GIRL DESIGN
536409,SET 12 LAVENDER  BOTANICAL T-LIGHTS
536409,UNION JACK FLAG LUGGAGE TAG
536409,RED HEART LUGGAGE TAG
536409,RED GLASS TASSLE BAG CHARM
536409,CLEAR ACRYLIC FACETED BANGLE
536409,5 STRAND GLASS NECKLACE CRYSTAL
536409,DOORMAT UNION JACK GUNS AND ROSES
536409,VANILLA SCENT CANDLE JEWELLED BOX
536409,FULL ENGLISH BREAKFAST PLATE
536409,BLACK CANDELABRA T-LIGHT HOLDER
536409,MAGIC DRAWING SLATE CIRCUS PARADE  
536409,CHRISTMAS HANGING HEART WITH BELL
536409,CAKE STAND VICTORIAN FILIGREE MED
536409,PAISLEY PATTERN  STICKERS
536409,FLOWERS  STICKERS
536409,PINK NEW BAROQUECANDLESTICK CANDLE
536409,BLUE NEW BAROQUE CANDLESTICK CANDLE
536409,JUMBO STORAGE BAG SUKI
536409,BLACK LOVE BIRD CANDLE
536409,PARTY TIME PENCIL ERASERS
536409,DISCO BALL CHRISTMAS DECORATION
536409,PINK B'FLY C/COVER W BOBBLES
536409,PINK UNION JACK  LUGGAGE TAG
536409,6 RIBBONS ELEGANT CHRISTMAS 
536409,UNION JACK FLAG LUGGAGE TAG
536409,AGED GLASS SILVER T-LIGHT HOLDER
536409,BOOM BOX SPEAKER GIRLS
536409,6 RIBBONS SHIMMERING PINKS 
536409, SET 2 TEA TOWELS I LOVE LONDON 
536409,JUMBO BAG OWLS
536409,SANDWICH BATH SPONGE
536409,OWL DOORSTOP
536409,5 STRAND GLASS NECKLACE CRYSTAL
536409,HAND WARMER UNION JACK
536409,HAND WARMER SCOTTY DOG DESIGN
536409,LARGE POPCORN HOLDER 
536409,PAINTED METAL STAR WITH HOLLY BELLS
536409,PAINTED METAL HEART WITH HOLLY BELL
536409,ANGEL DECORATION STARS ON DRESS
536409,SMALL POPCORN HOLDER
536409,JUMBO BAG RED RETROSPOT
536409,JUMBO BAG STRAWBERRY
536409,STRAWBERRY SHOPPER BAG
536409,STRAWBERRY CHARLOTTE BAG
536409, SET 2 TEA TOWELS I LOVE LONDON 
536409,PACK OF 12 RED RETROSPOT TISSUES 
536409,SCOTTIE DOG HOT WATER BOTTLE
536409,CHOCOLATE HOT WATER BOTTLE
536412,LUNCH BAG CARS BLUE
536412,LUNCH BAG SPACEBOY DESIGN 
536412,ROUND SNACK BOXES SET OF4 WOODLAND 
536412,LUNCH BAG DOLLY GIRL DESIGN
536412,LUNCH BAG SUKI  DESIGN 
536412,LUNCH BAG  BLACK SKULL.
536412,ROUND SNACK BOXES SET OF 4 FRUITS 
536412,ROUND SNACK BOXES SET OF 4 SKULLS
536412,DOLLY GIRL LUNCH BOX
536412,SPACEBOY LUNCH BOX 
536412,GREEN POLKADOT PLATE 
536412,BLUE POLKADOT PLATE 
536412,RED RETROSPOT PLATE 
536412,PINK  POLKADOT PLATE 
536412,ROUND SNACK BOXES SET OF 4 SKULLS
536412,FELTCRAFT DOLL MOLLY
536412,FELTCRAFT CHRISTMAS FAIRY
536412,TRAVEL SEWING KIT
536412,SET OF 3 NOTEBOOKS IN PARCEL
536412,RED RETROSPOT TAPE
536412,COSY SLIPPER SHOES SMALL  RED 
536412,6 RIBBONS RUSTIC CHARM
536412,SCANDINAVIAN REDS RIBBONS
536412,JAM MAKING SET PRINTED
536412,12 DAISY PEGS IN WOOD BOX
536412,HOT WATER BOTTLE BABUSHKA 
536412,FELTCRAFT PRINCESS CHARLOTTE DOLL
536412,FELTCRAFT CHRISTMAS FAIRY
536412,FELTCRAFT PRINCESS CHARLOTTE DOLL
536412,6 RIBBONS RUSTIC CHARM
536412,COSY SLIPPER SHOES SMALL  RED 
536412,SCANDINAVIAN REDS RIBBONS
536412,5 HOOK HANGER RED MAGIC TOADSTOOL
536412,CHRISTMAS CRAFT TREE TOP ANGEL
536412,CHRISTMAS CRAFT LITTLE FRIENDS
536412,5 HOOK HANGER RED MAGIC TOADSTOOL
536412,6 RIBBONS RUSTIC CHARM
536412,12 DAISY PEGS IN WOOD BOX
536412,SET OF 3 NOTEBOOKS IN PARCEL
536412,5 HOOK HANGER MAGIC TOADSTOOL
536412,SCANDINAVIAN REDS RIBBONS
536412,RED TOADSTOOL LED NIGHT LIGHT
536412,5 HOOK HANGER RED MAGIC TOADSTOOL
536412,COSY SLIPPER SHOES SMALL GREEN
536412,COSY SLIPPER SHOES SMALL  RED 
536412,FELTCRAFT DOLL ROSIE
536412,FELTCRAFT DOLL MOLLY
536412,FELTCRAFT DOLL EMILY
536412,FELTCRAFT PRINCESS CHARLOTTE DOLL
536412,FELTCRAFT PRINCESS OLIVIA DOLL
536412,REX CASH+CARRY JUMBO SHOPPER
536412,FELTCRAFT DOLL MOLLY
536412,FELTCRAFT CUSHION OWL
536412,CHRISTMAS CRAFT TREE TOP ANGEL
536412,CHRISTMAS CRAFT LITTLE FRIENDS
536412,FELTCRAFT CUSHION RABBIT
536412,FELTCRAFT CUSHION BUTTERFLY
536412,12 DAISY PEGS IN WOOD BOX
536412,PAPER CHAIN KIT 50'S CHRISTMAS 
536412,FELTCRAFT CUSHION BUTTERFLY
536412,12 DAISY PEGS IN WOOD BOX
536412,ROSE COTTAGE KEEPSAKE BOX 
536412,TOTE BAG I LOVE LONDON
536412,12 DAISY PEGS IN WOOD BOX
536412,TOTE BAG I LOVE LONDON
536412,FOLDING UMBRELLA PINKWHITE POLKADOT
536412,FOLDING UMBRELLA CREAM POLKADOT
536412,FOLDING UMBRELLA WHITE/RED POLKADOT
536412,SET 10 LIGHTS NIGHT OWL
536412,SMALL POPCORN HOLDER
536412, SET 2 TEA TOWELS I LOVE LONDON 
536412,FOLDING UMBRELLA RED/WHITE POLKADOT
536412,BABUSHKA LIGHTS STRING OF 10
536412,LUNCH BAG RED RETROSPOT
536412,S/4 VALENTINE DECOUPAGE HEART BOX
536412,FOLDING UMBRELLA CREAM POLKADOT
536412, SET 2 TEA TOWELS I LOVE LONDON 
536412,FOLDING UMBRELLA RED/WHITE POLKADOT
536412,SOLDIERS EGG CUP 
536412,S/4 VALENTINE DECOUPAGE HEART BOX
536412,RED RETROSPOT MINI CASES
536414,
536415,60 CAKE CASES VINTAGE CHRISTMAS
536415,PAPER CHAIN KIT VINTAGE CHRISTMAS
536415,RIBBON REEL CHRISTMAS SOCK BAUBLE
536415,RIBBON REEL SNOWY VILLAGE
536415,RIBBON REEL MAKING SNOWMEN 
536415,SET OF 20 VINTAGE CHRISTMAS NAPKINS
536415,TURQUOISE CHRISTMAS TREE 
536415,RED STAR CARD HOLDER
536415,WICKER WREATH SMALL
536415,HEART OF WICKER LARGE
536415,ADVENT CALENDAR GINGHAM SACK
536415,HEART OF WICKER SMALL
536415,FELTCRAFT BUTTERFLY HEARTS
536415,PARTY CONE CHRISTMAS DECORATION 
536415,VINTAGE HEADS AND TAILS CARD GAME 
536415,WICKER STAR 
536415,VINTAGE SNAP CARDS
536415,FELTCRAFT 6 FLOWER FRIENDS
536415, SET 2 TEA TOWELS I LOVE LONDON 
536415,JAM MAKING SET PRINTED
536415,BIRD DECORATION RED RETROSPOT
536415,CHRISTMAS GINGHAM TREE
536415,CHRISTMAS GINGHAM STAR
536415,CHRISTMAS GINGHAM HEART
536415,PACK OF 12 PINK POLKADOT TISSUES
536415,FELTCRAFT PRINCESS LOLA DOLL
536415,PACK OF 12 LONDON TISSUES 
536415,PURPLE DRAWERKNOB ACRYLIC EDWARDIAN
536415,CHILDREN'S APRON DOLLY GIRL 
536415,CHILDRENS APRON SPACEBOY DESIGN
536415,CHRISTMAS LIGHTS 10 SANTAS 
536415,CHRISTMAS LIGHTS 10 REINDEER
536415,PAPER CHAIN KIT 50'S CHRISTMAS 
536415,FELTCRAFT CHRISTMAS FAIRY
536415,PACK OF 72 RETROSPOT CAKE CASES
536415,PACK OF 60 MUSHROOM CAKE CASES
536415,60 CAKE CASES DOLLY GIRL DESIGN
536415,PACK OF 60 PINK PAISLEY CAKE CASES
536415,HAND WARMER BABUSHKA DESIGN
536415,HAND WARMER BIRD DESIGN
536415,HAND WARMER OWL DESIGN
536415,HAND WARMER RED RETROSPOT
536415,SET 12 RETRO WHITE CHALK STICKS
536415,FELTCRAFT HAIRBAND RED AND BLUE
536415,FELTCRAFT HAIRBAND PINK AND PURPLE
536415,FELTCRAFT HAIRBANDS PINK AND WHITE 
536415,TV DINNER TRAY DOLLY GIRL
536415,PLASTERS IN TIN VINTAGE PAISLEY 
536415,PLASTERS IN TIN SPACEBOY
536415,PLASTERS IN TIN WOODLAND ANIMALS
536415,MAGIC DRAWING SLATE SPACEBOY 
536415,MAGIC DRAWING SLATE CIRCUS PARADE  
536415,MAGIC DRAWING SLATE GO TO THE FAIR 
536415,MAGIC DRAWING SLATE DOLLY GIRL 
536415,CHARLIE + LOLA RED HOT WATER BOTTLE
536415,HOT WATER BOTTLE BABUSHKA 
536415,URBAN BLACK RIBBONS 
536415,FELTCRAFT PRINCESS CHARLOTTE DOLL
536415,SET OF 6 T-LIGHTS TOADSTOOLS
536416,ROTATING LEAVES T-LIGHT HOLDER
536416,RED  HARMONICA IN BOX 
536416,CUPCAKE LACE PAPER SET 6
536416,FAMILY PHOTO FRAME CORNICE
536416,TRIPLE PHOTO FRAME CORNICE 
536416,WOODEN FRAME ANTIQUE WHITE 
536420,WOODEN BOX OF DOMINOES
536420,TRADITIONAL WOODEN CATCH CUP GAME 
536420,TRADITIONAL WOODEN SKIPPING ROPE
536420,S/6 WOODEN SKITTLES IN COTTON BAG
536420,RED METAL BEACH SPADE 
536420,BOYS VINTAGE TIN SEASIDE BUCKET
536420,GIRLS VINTAGE TIN SEASIDE BUCKET
536420,GREY HEART HOT WATER BOTTLE
536420,SCOTTIE DOG HOT WATER BOTTLE
536420,BIRD HOUSE HOT WATER BOTTLE
536420,KINGS CHOICE TEA CADDY 
536420,KINGS CHOICE BISCUIT TIN
536420,METAL SIGN EMPIRE TEA
536420,HOMEMADE JAM SCENTED CANDLES
536423,SET OF 6 SOLDIER SKITTLES
536423,FAWN BLUE HOT WATER BOTTLE
536423,HAND WARMER RED RETROSPOT
536423,HOT WATER BOTTLE BABUSHKA 
536423,WHITE SKULL HOT WATER BOTTLE 
536423,RETROSPOT HEART HOT WATER BOTTLE
536423,RED WOOLLY HOTTIE WHITE HEART.
536423,SCOTTIE DOG HOT WATER BOTTLE
536423,GREY HEART HOT WATER BOTTLE
536425,HOT WATER BOTTLE BABUSHKA 
536425,PACK OF 6 BIRDY GIFT TAGS
536425,CHILLI LIGHTS
536425,PIGGY BANK RETROSPOT 
536425,CERAMIC STRAWBERRY MONEY BOX
536425,CERAMIC STRAWBERRY CAKE MONEY BANK
536425,CERAMIC CHERRY CAKE MONEY BANK
536425,CERAMIC HEART FAIRY CAKE MONEY BANK
536425,CERAMIC PIRATE CHEST MONEY BANK
536425,DOORSTOP RETROSPOT HEART
536425,GINGHAM HEART  DOORSTOP RED
536425,RETROSPOT BABUSHKA DOORSTOP
536425,SILK PURSE BABUSHKA RED
536425,SILK PURSE BABUSHKA PINK
536425,FAMILY PHOTO FRAME CORNICE
536425,SWEETHEART WIRE WALL TIDY
536425,JAM MAKING SET PRINTED
536437,RED RETROSPOT OVEN GLOVE 
536437,CREAM HEART CARD HOLDER
536437,NAMASTE SWAGAT INCENSE
536437,CERAMIC STRAWBERRY DESIGN MUG
536437,BLACK HEART CARD HOLDER
536437,CLASSICAL ROSE SMALL VASE
536446,HYACINTH BULB T-LIGHT CANDLES
536446,CHRISTMAS CRAFT WHITE FAIRY 
536446,CHRISTMAS CRAFT LITTLE FRIENDS
536446,COSY HOUR CIGAR BOX MATCHES 
536446,RED TEA TOWEL CLASSIC DESIGN
536446,HEART FILIGREE DOVE  SMALL
536446,RETROSPOT CHILDRENS APRON
536446,COLOURING PENCILS BROWN TUBE
536446,4 IVORY DINNER CANDLES SILVER FLOCK
536446,HEART FILIGREE DOVE  SMALL
536446,ZINC METAL HEART DECORATION
536446,GREEN FERN NOTEBOOK
536446,BLUE PAISLEY NOTEBOOK
536446,CHRYSANTHEMUM NOTEBOOK
536446,LARGE CHINESE STYLE SCISSOR
536446,SMALL CHINESE STYLE SCISSOR
536446,S/6 WOODEN SKITTLES IN COTTON BAG
536446,TRADITIONAL WOODEN SKIPPING ROPE
536446,SET OF 6 SOLDIER SKITTLES
536446,4 TRADITIONAL SPINNING TOPS
536446,ROTATING SILVER ANGELS T-LIGHT HLDR
536446,BLACK LOVE BIRD CANDLE
536446,RETROSPOT CHILDRENS APRON
536446,HANGING GLASS ETCHED TEALIGHT
536446,HANGING GLASS ETCHED TEALIGHT
536446,BLUE NEW BAROQUE CANDLESTICK CANDLE
536446,COOKING SET RETROSPOT
536446,KINGS CHOICE GIANT TUBE MATCHES
536446,COSY HOUR GIANT TUBE MATCHES
536446,PLACE SETTING WHITE STAR
536446,HYACINTH BULB T-LIGHT CANDLES
536446,S/15 SILVER GLASS BAUBLES IN BAG
536460,FRENCH WC SIGN BLUE METAL
536460,KINGS CHOICE GIANT TUBE MATCHES
536460,72 SWEETHEART FAIRY CAKE CASES
536460,ASSORTED COLOUR BIRD ORNAMENT
536460,FAIRY SOAP SOAP HOLDER
536460,GREEN GIANT GARDEN THERMOMETER
536460,IVORY GIANT GARDEN THERMOMETER
536460,BLUE GIANT GARDEN THERMOMETER
536460,PACK OF 60 PINK PAISLEY CAKE CASES
536460,RETROSPOT HEART HOT WATER BOTTLE
536460,CHICK GREY HOT WATER BOTTLE
536460,VICTORIAN SEWING BOX SMALL 
536460,VICTORIAN SEWING BOX MEDIUM
536460,SET/10 RED POLKADOT PARTY CANDLES
536463,WASHROOM METAL SIGN
536464,BLACK SWEETHEART BRACELET
536464,DIAMANTE HAIR GRIP PACK/2 BLACK DIA
536464,BLACK DIAMANTE EXPANDABLE RING
536464,DIAMANTE HAIR GRIP PACK/2 RUBY
536464,DIAMANTE HAIR GRIP PACK/2 MONTANA
536464,BLUE SWEETHEART BRACELET
536464,PINK SWEETHEART BRACELET
536464,PURPLE SWEETHEART BRACELET
536464,JUMBO BAG PINK POLKADOT
536464,JUMBO BAG RED RETROSPOT
536464,ASSORTED COLOUR BIRD ORNAMENT
536464,PAPER CHAIN KIT 50'S CHRISTMAS 
536464,RIBBON REEL CHRISTMAS PRESENT 
536464,FIRST AID TIN
536464,MAKE YOUR OWN MONSOON CARD KIT
536464,PACK OF 12 HEARTS DESIGN TISSUES 
536464,PACK OF 12 RED RETROSPOT TISSUES 
536464,SOLDIERS EGG CUP 
536464,HEART IVORY TRELLIS SMALL
536464,HEART FILIGREE DOVE  SMALL
536464,HEART FILIGREE DOVE LARGE
536464,PACK 3 BOXES BIRD PANNETONE 
536464,PACK 3 BOXES CHRISTMAS PANNETONE
536464,SMALL POPCORN HOLDER
536464,PACK OF 60 PINK PAISLEY CAKE CASES
536464,SET OF 6 SOLDIER SKITTLES
536464,SWIRLY CIRCULAR RUBBERS IN BAG
536464,VINTAGE PAISLEY STATIONERY SET
536464,PAPER CHAIN KIT VINTAGE CHRISTMAS
536464,SET/10 BLUE POLKADOT PARTY CANDLES
536464,RIBBON REEL SOCKS AND MITTENS
536464,60 CAKE CASES VINTAGE CHRISTMAS
536464,CHRISTMAS METAL TAGS ASSORTED 
536464,CHRISTMAS TREE T-LIGHT HOLDER
536464,STAR  T-LIGHT HOLDER 
536464,HEART T-LIGHT HOLDER 
536464,MINI FUNKY DESIGN TAPES
536464,SET OF 6 T-LIGHTS SNOWMEN
536464,STAR WOODEN CHRISTMAS DECORATION
536464,WOODEN HEART CHRISTMAS SCANDINAVIAN
536464,CHRISTMAS RETROSPOT TREE WOOD
536464,SET OF 6 T-LIGHTS SANTA
536464,SET/9 CHRISTMAS T-LIGHTS SCENTED 
536464,BLUE ROSE FABRIC MIRROR
536464,THREE CANVAS LUGGAGE TAGS
536464,RETROSPOT PARTY BAG + STICKER SET
536464,PLASTERS IN TIN VINTAGE PAISLEY 
536464,RETROSPOT SMALL TUBE MATCHES
536464,HAND WARMER SCOTTY DOG DESIGN
536464,3D CHRISTMAS STAMPS STICKERS 
536464,HAND WARMER SCOTTY DOG DESIGN
536464,HAND WARMER SCOTTY DOG DESIGN
536464,CLOTHES PEGS RETROSPOT PACK 24 
536464,36 FOIL HEART CAKE CASES
536464,CHRISTMAS METAL TAGS ASSORTED 
536464,PACK OF 6 SWEETIE GIFT BOXES
536464,PACK OF 72 RETROSPOT CAKE CASES
536464,PACK OF 72 RETROSPOT CAKE CASES
536464,PACK OF 6 BIRDY GIFT TAGS
536464,SET/10 RED POLKADOT PARTY CANDLES
536464,SET/10 PINK POLKADOT PARTY CANDLES
536464,SET OF 3 NOTEBOOKS IN PARCEL
536464,STAR  T-LIGHT HOLDER 
536464,CINAMMON SET OF 9 T-LIGHTS
536464,ORANGE SCENTED SET/9 T-LIGHTS
536464,RIBBON REEL STRIPES DESIGN 
536464,SET OF 2 TINS JARDIN DE PROVENCE
536464,MAKE YOUR OWN PLAYTIME CARD KIT
536464,DINOSAURS  WRITING SET 
536464,BALLOONS  WRITING SET 
536464,SKULLS WRITING SET 
536464,VINTAGE PAISLEY STATIONERY SET
536464,COSY SLIPPER SHOES SMALL  RED 
536464,DOORMAT BLACK FLOCK 
536464,JUMBO  BAG BAROQUE BLACK WHITE
536464,JAM MAKING SET WITH JARS
536464,ORANGE SCENTED SET/9 T-LIGHTS
536464,CINAMMON SET OF 9 T-LIGHTS
536464,HAND WARMER SCOTTY DOG DESIGN
536464,CHRISTMAS DECOUPAGE CANDLE
536464,HEART T-LIGHT HOLDER 
536464,GROW YOUR OWN BASIL IN ENAMEL MUG
536464,OFFICE MUG WARMER POLKADOT
536464,SMALL POPCORN HOLDER
536464,JUMBO BAG DOLLY GIRL DESIGN
536466,JAM MAKING SET WITH JARS
536466,JAM MAKING SET PRINTED
536477,SMALL GLASS HEART TRINKET POT
536477,RED WOOLLY HOTTIE WHITE HEART.
536477,BLACK RECORD COVER FRAME
536477,"RECORD FRAME 7"" SINGLE SIZE "
536477,36 PENCILS TUBE RED RETROSPOT
536477,36 PENCILS TUBE WOODLAND
536477,SET OF 6 SOLDIER SKITTLES
536477,ROCKING HORSE RED CHRISTMAS 
536477,CHRISTMAS GINGHAM HEART
536477,CHRISTMAS GINGHAM STAR
536477,HAND WARMER UNION JACK
536477,HAND WARMER RED RETROSPOT
536477,REGENCY CAKESTAND 3 TIER
536477,JUMBO SHOPPER VINTAGE RED PAISLEY
536488,RIBBON REEL SNOWY VILLAGE
536488,VINTAGE UNION JACK BUNTING
536488,JAM MAKING SET WITH JARS
536488,RIBBON REEL STRIPES DESIGN 
536488,RETRO LONGBOARD IRONING BOARD COVER
536488,3D DOG PICTURE PLAYING CARDS
536488,RETROSPOT CIGAR BOX MATCHES 
536488,SET/9 CHRISTMAS T-LIGHTS SCENTED 
536488,ROTATING SILVER ANGELS T-LIGHT HLDR
536488,ROTATING SILVER ANGELS T-LIGHT HLDR
536488,SAVE THE PLANET COTTON TOTE BAG
536488,SET OF 20 VINTAGE CHRISTMAS NAPKINS
536488,PAPER BUNTING WHITE LACE
536488,GENTLEMAN SHIRT REPAIR KIT 
536488,CARD I LOVE LONDON 
536488,PAPER CHAIN KIT VINTAGE CHRISTMAS
536488,MIRRORED WALL ART FOXY
536488,MIRRORED WALL ART GENTS
536488,AIRLINE BAG VINTAGE JET SET WHITE
536488,JAM MAKING SET PRINTED
536488,POTTING SHED SOW 'N' GROW SET
536488,BABUSHKA LIGHTS STRING OF 10
536488,REX CASH+CARRY JUMBO SHOPPER
536488,AIRLINE BAG VINTAGE WORLD CHAMPION 
536488,HAND WARMER BIRD DESIGN
536488,CHRISTMAS CRAFT LITTLE FRIENDS
536488,PINK HEARTS PAPER GARLAND
536488,POTTING SHED SEED ENVELOPES
536488,HI TEC ALPINE HAND WARMER
536488,FELTCRAFT CHRISTMAS FAIRY
536488,HI TEC ALPINE HAND WARMER
536488,ROTATING SILVER ANGELS T-LIGHT HLDR
536488,3 STRIPEY MICE FELTCRAFT
536488,FELTCRAFT 6 FLOWER FRIENDS
536488,CHRISTMAS CRAFT LITTLE FRIENDS
536500,VINTAGE UNION JACK CUSHION COVER
536500,POLYESTER FILLER PAD 45x45cm
536500,DOLLY GIRL LUNCH BOX
536500,PACK OF 12 LONDON TISSUES 
536500,CARD DOLLY GIRL 
536500,CARD BILLBOARD FONT
536500,RAINY LADIES BIRTHDAY CARD
536500,GREY HEART HOT WATER BOTTLE
536500,RED WOOLLY HOTTIE WHITE HEART.
536500,RED WHITE SCARF  HOT WATER BOTTLE
536500, SET 2 TEA TOWELS I LOVE LONDON 
536500,SET OF 2 TEA TOWELS APPLE AND PEARS
536500,SET/2 RED RETROSPOT TEA TOWELS 
536500,LOVE BUILDING BLOCK WORD
536500,HOME BUILDING BLOCK WORD
536502,ASSORTED COLOUR BIRD ORNAMENT
536502,LANTERN CREAM GAZEBO 
536502,BLUE BIRDHOUSE DECORATION
536502,WHITE HANGING HEART T-LIGHT HOLDER
536502,REGENCY CAKESTAND 3 TIER
536508,ANTIQUE SILVER TEA GLASS ENGRAVED
536508,AGED GLASS SILVER T-LIGHT HOLDER
536514,HAND WARMER OWL DESIGN
536514,SET OF 2 WOODEN MARKET CRATES
536514,SET OF 6 T-LIGHTS TOADSTOOLS
536514,HAND WARMER UNION JACK
536514,HAND WARMER SCOTTY DOG DESIGN
536520,CLASSIC FRENCH STYLE BASKET NATURAL
536520,CRAZY DAISY HEART DECORATION
536520,GIN + TONIC DIET METAL SIGN
536520,IVORY GIANT GARDEN THERMOMETER
536520,CARD HOLDER GINGHAM HEART
536520,SMALL STRIPES CHOCOLATE GIFT BAG 
536520,S/6 WOODEN SKITTLES IN COTTON BAG
536520,HAND WARMER RED RETROSPOT
536520,HAND WARMER UNION JACK
536520,FRENCH WC SIGN BLUE METAL
536520,PINK UNION JACK  LUGGAGE TAG
536520,"TRAY, BREAKFAST IN BED"
536520,PIZZA PLATE IN BOX
536520,HEART OF WICKER LARGE
536520,PINK HEART DOTS HOT WATER BOTTLE
536520,PLACE SETTING WHITE HEART
536520,SET OF 4 NAPKIN CHARMS LEAVES   
536520,SET OF 4 NAPKIN CHARMS STARS   
536520,SET OF 4 NAPKIN CHARMS CUTLERY
536520,CARAVAN SQUARE TISSUE BOX
536520,PLASTERS IN TIN SKULLS
536520,PLASTERS IN TIN SPACEBOY
536520,BUTTON BOX 
536520,PLASTERS IN TIN VINTAGE PAISLEY 
536520,12 MESSAGE CARDS WITH ENVELOPES
536520,SMALL RED BABUSHKA NOTEBOOK 
536520,CUPCAKE LACE PAPER SET 6
536520,PACK 3 BOXES CHRISTMAS PANNETONE
536520,HERB MARKER MINT
536520,HERB MARKER ROSEMARY
536520,HERB MARKER BASIL
536520,HERB MARKER CHIVES 
536520,HERB MARKER PARSLEY
536520,HERB MARKER THYME
536520,WHITE HANGING HEART T-LIGHT HOLDER
536520,METAL MERRY CHRISTMAS WREATH
536520,WHITE CHRISTMAS GARLAND STARS TREES
536520,RETROSPOT SMALL TUBE MATCHES
536520,RETROSPOT GIANT TUBE MATCHES
536520,PLACE SETTING WHITE STAR
536520,GROW YOUR OWN BASIL IN ENAMEL MUG
536520,36 FOIL STAR CAKE CASES 
536520,36 FOIL HEART CAKE CASES
536520,PACK OF 6 SWEETIE GIFT BOXES
536520,PACK OF 6 HANDBAG GIFT BOXES
536520,GARLAND WOODEN HAPPY EASTER
536520,CALENDAR PAPER CUT DESIGN
536520,CALENDAR IN SEASON DESIGN
536520,SMALL POPCORN HOLDER
536520,BLUE PAISLEY TISSUE BOX
536520,HEART OF WICKER SMALL
536520,SKULLS SQUARE TISSUE BOX
536520,PINK PAISLEY SQUARE TISSUE BOX 
536520,PACK OF 6 HANDBAG GIFT BOXES
536520,TOAST ITS - HAPPY BIRTHDAY
